run_id,timestamp,game,trainer_type,max_steps,learning_rate,batch_size,buffer_size,hidden_units,num_layers,os,cpu_model,cpu_cores_physical,cpu_cores_logical,cpu_freq_mhz,ram_total_gb,wall_time_seconds,peak_ram_mb,final_mean_reward,final_step,return_code
Sorter_batch_001,2026-10-08T00:50:36,Sorter,ppo,100000,0.0003,512,40960,128,2,Windows 10,"AMD64 Family 25 Model 97 Stepping 2, AuthenticAMD",8,8,4201.0,31.1,150.8,1116.4,-1.097,100000,0
Sorter_batch_002,2026-10-08T00:53:06,Sorter,ppo,100000,0.0003,512,40960,128,2,Windows 10,"AMD64 Family 25 Model 97 Stepping 2, AuthenticAMD",8,8,4201.0,31.1,148.1,1106.2,-1.070,100000,0
Sorter_batch_003,2026-10-08T00:59:35,Sorter,ppo,250000,0.0003,512,40960,128,2,Windows 10,"AMD64 Family 25 Model 97 Stepping 2, AuthenticAMD",8,8,4201.0,31.1,387.1,1108.2,-1.017,250000,0
Sorter_batch_004,2026-10-08T01:06:10,Sorter,ppo,250000,0.0003,512,40960,128,2,Windows 10,"AMD64 Family 25 Model 97 Stepping 2, AuthenticAMD",8,8,4201.0,31.1,392.6,1104.9,-1.086,250000,0
Sorter_batch_005,2026-10-08T01:19:01,Sorter,ppo,500000,0.0003,512,40960,128,2,Windows 10,"AMD64 Family 25 Model 97 Stepping 2, AuthenticAMD",8,8,4201.0,31.1,768.4,1117.5,-0.797,500000,0
Sorter_batch_006,2026-10-08T01:31:53,Sorter,ppo,500000,0.0003,512,40960,128,2,Windows 10,"AMD64 Family 25 Model 97 Stepping 2, AuthenticAMD",8,8,4201.0,31.1,770.1,1108.4,-0.918,500000,0
3DBall_batch_001,2026-10-09T00:41:40,3DBall,ppo,100000,0.0003,64,12000,128,2,Windows 10,"AMD64 Family 25 Model 97 Stepping 2, AuthenticAMD",8,8,4201.0,31.1,53.2,655.6,18.039,96000,0
3DBall_batch_002,2026-10-09T00:42:30,3DBall,ppo,100000,0.0003,64,12000,128,2,Windows 10,"AMD64 Family 25 Model 97 Stepping 2, AuthenticAMD",8,8,4201.0,31.1,48.6,646.1,23.031,96000,0
3DBall_batch_003,2026-10-09T00:44:19,3DBall,ppo,250000,0.0003,64,12000,128,2,Windows 10,"AMD64 Family 25 Model 97 Stepping 2, AuthenticAMD",8,8,4201.0,31.1,106.8,657.4,100.000,240000,0
3DBall_batch_004,2026-10-09T00:46:06,3DBall,ppo,250000,0.0003,64,12000,128,2,Windows 10,"AMD64 Family 25 Model 97 Stepping 2, AuthenticAMD",8,8,4201.0,31.1,104.7,669.3,100.000,240000,0
3DBall_batch_005,2026-10-09T00:49:29,3DBall,ppo,500000,0.0003,64,12000,128,2,Windows 10,"AMD64 Family 25 Model 97 Stepping 2, AuthenticAMD",8,8,4201.0,31.1,200.8,655.3,100.000,492000,0
3DBall_batch_006,2026-10-09T00:52:53,3DBall,ppo,500000,0.0003,64,12000,128,2,Windows 10,"AMD64 Family 25 Model 97 Stepping 2, AuthenticAMD",8,8,4201.0,31.1,202.2,656.2,100.000,492000,0
Pyramids_batch_001,2026-10-09T01:00:35,Pyramids,ppo,100000,0.0003,128,2048,512,2,Windows 10,"AMD64 Family 25 Model 97 Stepping 2, AuthenticAMD",8,8,4201.0,31.1,91.4,724.0,-0.935,90000,0
Pyramids_batch_002,2026-10-09T01:02:05,Pyramids,ppo,100000,0.0003,128,2048,512,2,Windows 10,"AMD64 Family 25 Model 97 Stepping 2, AuthenticAMD",8,8,4201.0,31.1,88.3,704.3,-1.000,90000,0
Pyramids_batch_003,2026-10-09T01:05:38,Pyramids,ppo,250000,0.0003,128,2048,512,2,Windows 10,"AMD64 Family 25 Model 97 Stepping 2, AuthenticAMD",8,8,4201.0,31.1,211.1,712.0,-1.000,240000,0
Pyramids_batch_004,2026-10-09T01:09:14,Pyramids,ppo,250000,0.0003,128,2048,512,2,Windows 10,"AMD64 Family 25 Model 97 Stepping 2, AuthenticAMD",8,8,4201.0,31.1,213.9,713.3,-1.000,240000,0
Pyramids_batch_005,2026-10-09T01:16:22,Pyramids,ppo,500000,0.0003,128,2048,512,2,Windows 10,"AMD64 Family 25 Model 97 Stepping 2, AuthenticAMD",8,8,4201.0,31.1,426.1,715.2,-0.913,480000,0
Pyramids_batch_006,2026-10-09T01:23:27,Pyramids,ppo,500000,0.0003,128,2048,512,2,Windows 10,"AMD64 Family 25 Model 97 Stepping 2, AuthenticAMD",8,8,4201.0,31.1,422.1,716.0,-0.699,480000,0
FoodCollector_batch_001,2026-10-09T07:15:20,FoodCollector,ppo,100000,0.0003,1024,10240,256,1,Windows 10,"AMD64 Family 25 Model 97 Stepping 2, AuthenticAMD",8,8,4201.0,31.1,195.1,1154.9,0.263,100000,0
FoodCollector_batch_002,2026-10-09T07:18:33,FoodCollector,ppo,100000,0.0003,1024,10240,256,1,Windows 10,"AMD64 Family 25 Model 97 Stepping 2, AuthenticAMD",8,8,4201.0,31.1,190.8,1148.1,-0.474,100000,0
FoodCollector_batch_003,2026-10-09T07:26:30,FoodCollector,ppo,250000,0.0003,1024,10240,256,1,Windows 10,"AMD64 Family 25 Model 97 Stepping 2, AuthenticAMD",8,8,4201.0,31.1,475.6,1159.1,3.000,250000,0
FoodCollector_batch_004,2026-10-09T07:34:13,FoodCollector,ppo,250000,0.0003,1024,10240,256,1,Windows 10,"AMD64 Family 25 Model 97 Stepping 2, AuthenticAMD",8,8,4201.0,31.1,460.2,1161.2,-1.000,250000,0
FoodCollector_batch_005,2026-10-09T07:49:33,FoodCollector,ppo,500000,0.0003,1024,10240,256,1,Windows 10,"AMD64 Family 25 Model 97 Stepping 2, AuthenticAMD",8,8,4201.0,31.1,918.8,1164.9,15.211,500000,0
FoodCollector_batch_006,2026-10-09T08:04:50,FoodCollector,ppo,500000,0.0003,1024,10240,256,1,Windows 10,"AMD64 Family 25 Model 97 Stepping 2, AuthenticAMD",8,8,4201.0,31.1,914.8,1167.6,24.895,500000,0
